policy,lambda,replica,seed,duration,warmup,mu0,mu1,mu2,X,E_R,E_TQ,E_N,U0,U1,U2,n_arrived,n_after_warmup,n_completed,drop_prob
random,0.6,1,1001,5000.0,500.0,1.0,1.0,1.0,0.5877777777777777,1.2506641455814063,0.23872922257016624,0.7348535050702323,0.204314640444166,0.18837383383247036,0.20179224792233816,2904,2646,2646,0.0
random,0.6,2,1002,5000.0,500.0,1.0,1.0,1.0,0.5973333333333334,1.2560960001199182,0.2624167790235803,0.7503080107382978,0.20611233681956148,0.19806416537107052,0.1893812192109138,2976,2688,2688,0.0
random,0.6,3,1003,5000.0,500.0,1.0,1.0,1.0,0.5904444444444444,1.24187965352266,0.2337422650511491,0.7337672800918424,0.19930011548907015,0.18135552782653505,0.2147358107911316,2948,2653,2653,0.0
random,0.6,4,1004,5000.0,500.0,1.0,1.0,1.0,0.5906666666666667,1.2369739235620067,0.2454443425690415,0.7311581227414137,0.19401732262327218,0.19796591310791878,0.19419909533277557,2922,2658,2658,0.0
random,0.6,5,1005,5000.0,500.0,1.0,1.0,1.0,0.6086666666666667,1.2143175550405678,0.24872821621455365,0.7389702009629432,0.2009467038340297,0.18850943937199835,0.19817675642459343,3069,2738,2738,0.0
random,0.6,6,1006,5000.0,500.0,1.0,1.0,1.0,0.6042222222222222,1.2547514879223896,0.24995499315172132,0.7582652287712781,0.1987583352713816,0.19636681558711552,0.21216726204914135,3023,2718,2718,0.0
random,0.6,7,1007,5000.0,500.0,1.0,1.0,1.0,0.6106666666666667,1.2023668604386724,0.219918536879819,0.7342453627745493,0.20477560135208017,0.2088302892856451,0.18634255228221458,3044,2748,2748,0.0
random,0.6,8,1008,5000.0,500.0,1.0,1.0,1.0,0.5928888888888889,1.271722755549417,0.2617683682856983,0.752375452834493,0.19894002770141075,0.20390394424807548,0.19493155608301974,3006,2673,2673,0.0
random,0.6,9,1009,5000.0,500.0,1.0,1.0,1.0,0.5775555555555556,1.2665780511086917,0.2696058646802081,0.7310155205331926,0.18907343776801327,0.20145336137039896,0.1848933113810011,2903,2597,2597,0.0
random,0.6,10,1010,5000.0,500.0,1.0,1.0,1.0,0.5862222222222222,1.2807725283878824,0.2894353575401657,0.7504102608680092,0.1861070696104977,0.19915032225427165,0.19547943051636063,2959,2638,2638,0.0
random,1.2,1,1001,5000.0,500.0,1.0,1.0,1.0,1.1564444444444444,1.604445300376417,0.6040153747237181,1.85538332270476,0.39019608013273716,0.3686616480903419,0.3979370506898305,5768,5202,5202,0.0
random,1.2,2,1002,5000.0,500.0,1.0,1.0,1.0,1.1662222222222223,1.6294577284199216,0.638522111939014,1.9002377494832103,0.4079519541805201,0.373706503403127,0.3739206155760229,5854,5248,5248,0.0
random,1.2,3,1003,5000.0,500.0,1.0,1.0,1.0,1.1955555555555555,1.6347977637797082,0.6391134178114402,1.9542774969748158,0.3875319142522639,0.385610181283493,0.41711109318758405,5961,5377,5377,0.0
random,1.2,4,1004,5000.0,500.0,1.0,1.0,1.0,1.185111111111111,1.6704902655141682,0.6745919144917384,1.979016023885994,0.3953513657543667,0.39942520063698056,0.3850674241285043,5886,5331,5331,0.0
random,1.2,5,1005,5000.0,500.0,1.0,1.0,1.0,1.2024444444444444,1.6734195133077965,0.6855137350250127,2.0120991163877204,0.4123500036116476,0.3775450348295963,0.397759559289728,6040,5412,5412,0.0
random,1.2,6,1006,5000.0,500.0,1.0,1.0,1.0,1.208,1.6349726634555901,0.6406276112285025,1.9752106496598045,0.40049785769047536,0.3842603705786783,0.4164319053352318,6044,5437,5437,0.0
random,1.2,7,1007,5000.0,500.0,1.0,1.0,1.0,1.220888888888889,1.6058668175457904,0.620985296081018,1.9608186763879425,0.40510686126554335,0.4132670474513179,0.3841527227899284,6126,5495,5495,0.0
random,1.2,8,1008,5000.0,500.0,1.0,1.0,1.0,1.2182222222222223,1.7906676162218058,0.7667848351655128,2.1811349818845014,0.40958498777803004,0.42362872527258605,0.4136365463422253,6066,5483,5483,0.0
random,1.2,9,1009,5000.0,500.0,1.0,1.0,1.0,1.174,1.7305036342158457,0.7190107684637389,2.0322318732654963,0.379108099887055,0.42228665496619755,0.3864378465875375,5872,5285,5285,0.0
random,1.2,10,1010,5000.0,500.0,1.0,1.0,1.0,1.19,1.685260720946872,0.6920427945806388,2.0055115208895926,0.37270633339696946,0.4013842581451176,0.40783430716930996,5985,5356,5356,0.0
random,1.8,1,1001,5000.0,500.0,1.0,1.0,1.0,1.7466666666666666,2.3663876628449096,1.368961363497752,4.129947522579221,0.5716546644255704,0.5708229512065706,0.5984492592587128,8725,7858,7858,0.0
random,1.8,2,1002,5000.0,500.0,1.0,1.0,1.0,1.7664444444444445,2.3129457975586614,1.324837562982669,4.085123608414893,0.6144040530482234,0.5707858505963798,0.5599739942287933,8830,7952,7952,0.0
random,1.8,3,1003,5000.0,500.0,1.0,1.0,1.0,1.81,2.503074911922869,1.5025162517993411,4.531857044511412,0.5971094738673373,0.5939092817160013,0.6209363994292614,9046,8143,8143,0.0
random,1.8,4,1004,5000.0,500.0,1.0,1.0,1.0,1.7735555555555556,2.3979378122898303,1.402380222994773,4.253035369470012,0.5755793118695243,0.5946849749049363,0.5947010023869046,8817,7979,7979,0.0
random,1.8,5,1005,5000.0,500.0,1.0,1.0,1.0,1.7977777777777777,2.533971963015406,1.5487800752806617,4.557045004015368,0.6073867644712022,0.566287831163963,0.5979836153689115,9032,8088,8088,0.0
random,1.8,6,1006,5000.0,500.0,1.0,1.0,1.0,1.8004444444444445,2.482120101533169,1.489642375287136,4.467035381501781,0.5899753912386818,0.5834708947022904,0.6129155045186454,9014,8105,8105,0.0
random,1.8,7,1007,5000.0,500.0,1.0,1.0,1.0,1.8197777777777777,2.506730860079344,1.5081414710174814,4.558212901944281,0.5999542497054625,0.6236437554440872,0.5927217771865089,9129,8196,8196,0.0
random,1.8,8,1008,5000.0,500.0,1.0,1.0,1.0,1.8262222222222222,2.8267823229700233,1.8085746768337336,5.164394074184029,0.6088682317349734,0.6272132038547407,0.6241861300617689,9131,8220,8220,0.0
random,1.8,9,1009,5000.0,500.0,1.0,1.0,1.0,1.780888888888889,2.697726749488448,1.693739030790163,4.80305627430123,0.5848341914708143,0.6271702573322173,0.5759183058937858,8888,8010,8010,0.0
random,1.8,10,1010,5000.0,500.0,1.0,1.0,1.0,1.7824444444444445,2.5838429701775305,1.5841058749708512,4.605073035488884,0.5868973147316698,0.5924078119720976,0.6020050282393147,8934,8021,8021,0.0
random,2.4,1,1001,5000.0,500.0,1.0,1.0,1.0,2.357111111111111,4.353088607568051,3.3533036611494813,10.269020563932186,0.7652322335609222,0.774056767050994,0.8178088455698613,11766,10605,10605,0.0
random,2.4,2,1002,5000.0,500.0,1.0,1.0,1.0,2.3746666666666667,4.269342301392221,3.2796920327798555,10.14466264737234,0.8155133511271829,0.7535926898694268,0.7807184336555865,11852,10687,10687,0.0
random,2.4,3,1003,5000.0,500.0,1.0,1.0,1.0,2.4153333333333333,5.582395830851285,4.582797902077185,13.539427317868482,0.8000723665191883,0.8077969554722412,0.8096051334232722,12073,10863,10863,0.0
random,2.4,4,1004,5000.0,500.0,1.0,1.0,1.0,2.3824444444444444,4.777348136064055,3.782453787881703,11.377422700775238,0.7627293576639138,0.7962220976695811,0.8101956445935168,11836,10708,10708,0.0
random,2.4,5,1005,5000.0,500.0,1.0,1.0,1.0,2.388888888888889,4.73846792032499,3.7470630489757184,11.322941797458773,0.8222537758424427,0.7736015508428944,0.7747783304499277,11985,10739,10739,0.0
random,2.4,6,1006,5000.0,500.0,1.0,1.0,1.0,2.4157777777777776,5.307511741683643,4.307298366322379,12.821850267195286,0.8033766541430384,0.8017114783661832,0.8110686465094925,12060,10860,10860,0.0
random,2.4,7,1007,5000.0,500.0,1.0,1.0,1.0,2.426888888888889,5.01848560170975,4.02100549182251,12.17664433866386,0.8024348066147061,0.8191373156278575,0.798960817538744,12145,10930,10930,0.0
random,2.4,8,1008,5000.0,500.0,1.0,1.0,1.0,2.428,6.1827993032735975,5.16055203677102,15.01182187327742,0.8160640385629752,0.8170952179684285,0.8503639306635588,12137,10918,10918,0.0
random,2.4,9,1009,5000.0,500.0,1.0,1.0,1.0,2.3682222222222222,4.816262005984503,3.82178796117722,11.412493412628228,0.7702510306155258,0.8168301351932187,0.7701196835074389,11801,10667,10667,0.0
random,2.4,10,1010,5000.0,500.0,1.0,1.0,1.0,2.394222222222222,5.213385396173927,4.216367988330118,12.487746716119362,0.7842587716191384,0.7975902836400994,0.8062845747610125,11970,10776,10776,0.0
random,2.7,1,1001,5000.0,500.0,1.0,1.0,1.0,2.6593333333333335,8.177616568932393,7.1771524083066796,21.726501158391674,0.8692756457744842,0.8707111596152062,0.9199514029464685,13271,11970,11970,0.0
random,2.7,2,1002,5000.0,500.0,1.0,1.0,1.0,2.6782222222222223,8.553704915565609,7.564131498090145,22.918356533627808,0.9127025465604254,0.8626952878400749,0.8751430470940649,13387,12065,12065,0.0
random,2.7,3,1003,5000.0,500.0,1.0,1.0,1.0,2.7164444444444444,12.040761546846035,11.040851465990537,32.81192556829821,0.9046164971217596,0.9061786911864376,0.9030833615539915,13535,12190,12190,0.0
random,2.7,4,1004,5000.0,500.0,1.0,1.0,1.0,2.6646666666666667,8.818464267672978,7.82010614999696,23.451871484233802,0.8644639044652633,0.8847159446305616,0.9122111205507817,13280,12010,12010,0.0
random,2.7,5,1005,5000.0,500.0,1.0,1.0,1.0,2.6862222222222223,8.133663486196248,7.139609637927239,21.84401352282959,0.9239577687043956,0.8698123873045687,0.8757826327436494,13487,12103,12103,0.0
random,2.7,6,1006,5000.0,500.0,1.0,1.0,1.0,2.7182222222222223,10.210676004769446,9.209202198471928,27.752135661774975,0.9117235442358456,0.8970844145022357,0.9152635153587428,13579,12234,12234,0.0
random,2.7,7,1007,5000.0,500.0,1.0,1.0,1.0,2.731333333333333,8.984868789861835,7.989453079249678,24.54167117861163,0.897243405792133,0.91609016567478,0.9047486214882463,13640,12282,12282,0.0
random,2.7,8,1008,5000.0,500.0,1.0,1.0,1.0,2.7275555555555555,13.185858446628519,12.169288729581591,35.9385307320944,0.9164654645481417,0.9098516388046651,0.9455529733231455,13636,12271,12271,0.0
random,2.7,9,1009,5000.0,500.0,1.0,1.0,1.0,2.6497777777777776,8.247212575234911,7.253599178120515,21.78686236051032,0.8529250222927789,0.91446147225997,0.8633850511921349,13244,11952,11952,0.0
random,2.7,10,1010,5000.0,500.0,1.0,1.0,1.0,2.702888888888889,9.530300094418111,8.530607719858043,25.772085626735475,0.8821849708092433,0.9050399857352869,0.9157574240725678,13483,12146,12146,0.0
round_robin,0.6,1,1001,5000.0,500.0,1.0,1.0,1.0,0.5877777777777777,1.059498449922469,0.04756352691122901,0.6222249281170944,0.20026185800301194,0.19685366739786692,0.19718274907076846,2904,2646,2646,0.0
round_robin,0.6,2,1002,5000.0,500.0,1.0,1.0,1.0,0.5973333333333334,1.0525662398153675,0.058887018719029495,0.6287329005830461,0.20691492234118722,0.19565533031398732,0.1909874687463713,2976,2688,2688,0.0
round_robin,0.6,3,1003,5000.0,500.0,1.0,1.0,1.0,0.5904444444444444,1.0650888872653654,0.05695149879385478,0.6287259244850906,0.200302461621115,0.1978981126857963,0.19686243158123626,2948,2653,2653,0.0
round_robin,0.6,4,1004,5000.0,500.0,1.0,1.0,1.0,0.5906666666666667,1.0560030620277734,0.06447348103480807,0.6242540428617224,0.19123273110797184,0.20142240049201743,0.1935165751305064,2922,2658,2658,0.0
round_robin,0.6,5,1005,5000.0,500.0,1.0,1.0,1.0,0.6086666666666667,1.0182805481818251,0.052691209355811154,0.6196925732342239,0.19930637650466948,0.1887825699941329,0.19954395313181905,3069,2738,2738,0.0
round_robin,0.6,6,1006,5000.0,500.0,1.0,1.0,1.0,0.6042222222222222,1.0743209002504324,0.06952440547976423,0.6496786650524893,0.2028006511020807,0.21272254457963197,0.19182546636467315,3023,2718,2718,0.0
round_robin,0.6,7,1007,5000.0,500.0,1.0,1.0,1.0,0.6106666666666667,1.0375598143637859,0.05511149080493235,0.6336031933048186,0.20131737606971398,0.198135186019569,0.20049588083065684,3044,2748,2748,0.0
round_robin,0.6,8,1008,5000.0,500.0,1.0,1.0,1.0,0.5931111111111111,1.0753137407785933,0.06535935351487451,0.6349110997250773,0.19866849075126183,0.19615890903701094,0.20291553530976475,3006,2673,2673,0.0
round_robin,0.6,9,1009,5000.0,500.0,1.0,1.0,1.0,0.5773333333333334,1.0728441467835954,0.0758719603551118,0.6191531474854454,0.19654844569321064,0.18574136333110478,0.19307678711841314,2903,2597,2597,0.0
round_robin,0.6,10,1010,5000.0,500.0,1.0,1.0,1.0,0.586,1.0495746338857026,0.058237463037985965,0.614843291283531,0.19385208783719454,0.18934116514392144,0.1975099433037023,2959,2638,2638,0.0
round_robin,1.2,1,1001,5000.0,500.0,1.0,1.0,1.0,1.1562222222222223,1.2544460685528058,0.25401614290010666,1.4502102622102755,0.3853696239200589,0.3742048234939297,0.3969931536037638,5768,5202,5202,0.0
round_robin,1.2,2,1002,5000.0,500.0,1.0,1.0,1.0,1.1662222222222223,1.2563066270629364,0.26537101058202855,1.465060642834,0.3900580859258462,0.38141559644748313,0.38410539078634065,5854,5248,5248,0.0
round_robin,1.2,3,1003,5000.0,500.0,1.0,1.0,1.0,1.195111111111111,1.2702298982322269,0.2745455522639586,1.518041148214201,0.4024222394779809,0.3972396952019181,0.39032778364023246,5961,5377,5377,0.0
round_robin,1.2,4,1004,5000.0,500.0,1.0,1.0,1.0,1.185111111111111,1.2941995363985994,0.29830118537616984,1.5332369401270798,0.388233090466116,0.3987898015581296,0.3928210984956058,5886,5331,5331,0.0
round_robin,1.2,5,1005,5000.0,500.0,1.0,1.0,1.0,1.2024444444444444,1.255844563483047,0.26793878520026326,1.5098956433984867,0.3993272890532673,0.39413789518411924,0.3941894134935854,6040,5412,5412,0.0
round_robin,1.2,6,1006,5000.0,500.0,1.0,1.0,1.0,1.208,1.280233615690285,0.2858885634631975,1.5466070490598087,0.3952705698949192,0.4093199397089414,0.3965996240005247,6044,5437,5437,0.0
round_robin,1.2,7,1007,5000.0,500.0,1.0,1.0,1.0,1.221111111111111,1.2358044300419648,0.2509229085771924,1.5090306519989833,0.40906127554281146,0.40672357340706417,0.3868410513531809,6126,5495,5495,0.0
round_robin,1.2,8,1008,5000.0,500.0,1.0,1.0,1.0,1.2182222222222223,1.3286151382645484,0.3047323572082551,1.6181497070757025,0.41607458299345595,0.4138740255348457,0.41690165086454,6066,5483,5483,0.0
round_robin,1.2,9,1009,5000.0,500.0,1.0,1.0,1.0,1.1742222222222223,1.32709938904566,0.3156065232935531,1.5585817132181778,0.40751360179949625,0.3935374631233116,0.3868683203828278,5872,5285,5285,0.0
round_robin,1.2,10,1010,5000.0,500.0,1.0,1.0,1.0,1.1897777777777778,1.265224621952444,0.27200669558621043,1.505447418221923,0.3891738675681144,0.38706644202886126,0.40545869494500625,5985,5356,5356,0.0
round_robin,1.8,1,1001,5000.0,500.0,1.0,1.0,1.0,1.746,1.7711576313348518,0.7737313319876944,3.0913769237450706,0.5855028424098564,0.5697945065601974,0.5859762631077068,8725,7858,7858,0.0
round_robin,1.8,2,1002,5000.0,500.0,1.0,1.0,1.0,1.7666666666666666,1.7015708325242749,0.713462597948283,3.0062392387496364,0.5797493326310268,0.5860911908497793,0.5799144854433774,8830,7952,7952,0.0
round_robin,1.8,3,1003,5000.0,500.0,1.0,1.0,1.0,1.8104444444444445,1.807565303416899,0.8070066432933709,3.272503876156351,0.6077328195936333,0.6131269331102073,0.5908783410868338,9046,8143,8143,0.0
round_robin,1.8,4,1004,5000.0,500.0,1.0,1.0,1.0,1.773111111111111,1.7787337566686223,0.7831761673735649,3.153090216249553,0.5976982401896198,0.5904039980906288,0.5762936646677622,8817,7979,7979,0.0
round_robin,1.8,5,1005,5000.0,500.0,1.0,1.0,1.0,1.7977777777777777,1.7750426349144597,0.7898507471797157,3.1932150980534355,0.5885184753978028,0.5951715837339026,0.5883240005797521,9032,8088,8088,0.0
round_robin,1.8,6,1006,5000.0,500.0,1.0,1.0,1.0,1.800888888888889,1.7766090954315759,0.7841313691855434,3.199234624867402,0.5964580826064344,0.5994570783655654,0.5913135670724314,9014,8105,8105,0.0
round_robin,1.8,7,1007,5000.0,500.0,1.0,1.0,1.0,1.8204444444444445,1.7349804381687108,0.7363910491068488,3.1585790580865956,0.6097268614032587,0.6015750545533318,0.6062375043741965,9129,8196,8196,0.0
round_robin,1.8,8,1008,5000.0,500.0,1.0,1.0,1.0,1.826,1.898249979334663,0.8800423331983732,3.467311613426332,0.6223722021736996,0.6138192524831743,0.624052907524816,9131,8220,8220,0.0
round_robin,1.8,9,1009,5000.0,500.0,1.0,1.0,1.0,1.781111111111111,1.8571080271032598,0.8531203084049747,3.3067472987931947,0.6076465213142288,0.5952370510970465,0.5850097006797482,8888,8010,8010,0.0
round_robin,1.8,10,1010,5000.0,500.0,1.0,1.0,1.0,1.7824444444444445,1.8105612407268885,0.8108241455202092,3.226498662166831,0.5940611653788637,0.5775492205556181,0.609362833356138,8934,8021,8021,0.0
round_robin,2.4,1,1001,5000.0,500.0,1.0,1.0,1.0,2.355777777777778,3.1601866018985105,2.160401655479942,7.443877060324875,0.7847493574567798,0.7719322595636108,0.7988372744959855,11766,10605,10605,0.0
round_robin,2.4,2,1002,5000.0,500.0,1.0,1.0,1.0,2.374222222222222,2.9753060204986093,1.9856557518862439,7.062027098593638,0.7858644035540288,0.7835479111127311,0.7794029239212537,11852,10687,10687,0.0
round_robin,2.4,3,1003,5000.0,500.0,1.0,1.0,1.0,2.413777777777778,3.6763276727936476,2.6767297440195477,8.875384978922824,0.8038387186883986,0.8205213777319939,0.788951494424868,12073,10863,10863,0.0
round_robin,2.4,4,1004,5000.0,500.0,1.0,1.0,1.0,2.3802222222222222,3.3950584930394605,2.400164144857108,8.077095243811891,0.7927831007261081,0.7924817896786693,0.7819572020843828,11836,10708,10708,0.0
round_robin,2.4,5,1005,5000.0,500.0,1.0,1.0,1.0,2.3886666666666665,3.3378704402004287,2.3464655688511566,7.98247990264324,0.7909555135523285,0.7892477813694462,0.789991947322622,11985,10739,10739,0.0
round_robin,2.4,6,1006,5000.0,500.0,1.0,1.0,1.0,2.4146666666666667,3.4746710989845413,2.474457723623278,8.387627986063881,0.8080253050901478,0.8059411312083908,0.8006874720821194,12060,10860,10860,0.0
round_robin,2.4,7,1007,5000.0,500.0,1.0,1.0,1.0,2.4264444444444444,3.2791265716896993,2.2816464618024597,7.955526725114739,0.8179872736435166,0.7970443800117868,0.8051252961942611,12145,10930,10930,0.0
round_robin,2.4,8,1008,5000.0,500.0,1.0,1.0,1.0,2.4284444444444446,4.065422885311505,3.0431756188089274,9.871117127883496,0.8262867741569043,0.8311619126031753,0.8256865576675438,12137,10918,10918,0.0
round_robin,2.4,9,1009,5000.0,500.0,1.0,1.0,1.0,2.3695555555555554,3.4390156984845635,2.4445416536772804,8.15112662837068,0.7979156937655246,0.782812397202421,0.7769177591790483,11801,10667,10667,0.0
round_robin,2.4,10,1010,5000.0,500.0,1.0,1.0,1.0,2.3935555555555554,3.330328263544109,2.333310855700299,7.973964486926901,0.7958714108455228,0.7802582540611763,0.8108184417289562,11970,10776,10776,0.0
round_robin,2.7,1,1001,5000.0,500.0,1.0,1.0,1.0,2.656888888888889,5.522645495584201,4.522181334958489,14.676265707634942,0.8795268281866746,0.8745841461542954,0.9046135898925347,13271,11970,11970,0.0
round_robin,2.7,2,1002,5000.0,500.0,1.0,1.0,1.0,2.680888888888889,5.419484325617225,4.429910908141763,14.534103991879299,0.8819697688959565,0.8934380437534434,0.8776371711582946,13387,12065,12065,0.0
round_robin,2.7,3,1003,5000.0,500.0,1.0,1.0,1.0,2.7084444444444444,7.885949627175754,6.886039546320255,21.361874527112015,0.8940478467261781,0.9219834222655988,0.8921238812097377,13535,12190,12190,0.0
round_robin,2.7,4,1004,5000.0,500.0,1.0,1.0,1.0,2.6657777777777776,6.6418490594299024,5.643490941753884,17.70471291508203,0.8805611192500096,0.8951659469006285,0.8858544350222336,13280,12010,12010,0.0
round_robin,2.7,5,1005,5000.0,500.0,1.0,1.0,1.0,2.6857777777777776,5.713011242613828,4.71895739434482,15.335149968308365,0.88574551319152,0.8931230282072633,0.8903194467004578,13487,12103,12103,0.0
round_robin,2.7,6,1006,5000.0,500.0,1.0,1.0,1.0,2.716666666666667,6.5157549110816335,5.514281104784114,17.70327696141245,0.9172542119147317,0.9086158369685058,0.8965839483024852,13579,12234,12234,0.0
round_robin,2.7,7,1007,5000.0,500.0,1.0,1.0,1.0,2.7288888888888887,6.222670741165314,5.227255030553158,16.981881940213636,0.916715458605734,0.8990341911701616,0.9004489142451124,13640,12282,12282,0.0
round_robin,2.7,8,1008,5000.0,500.0,1.0,1.0,1.0,2.7217777777777776,8.74692427542312,7.730354558376191,23.810145047702026,0.919124045392084,0.9251007583677278,0.9238509368132054,13636,12271,12271,0.0
round_robin,2.7,9,1009,5000.0,500.0,1.0,1.0,1.0,2.6546666666666665,5.960151007046795,4.9665376099324,15.80528614279706,0.8867434028091802,0.8794452707362925,0.8684947949219698,13244,11952,11952,0.0
round_robin,2.7,10,1010,5000.0,500.0,1.0,1.0,1.0,2.7031111111111112,6.265268497148303,5.265576122588236,16.931802208221058,0.9056422462006186,0.8779927236356123,0.918583481519494,13483,12146,12146,0.0
shortest_queue,0.6,1,1001,5000.0,500.0,1.0,1.0,1.0,0.5877777777777777,1.0259506323248813,0.01401570931364108,0.6027219592753955,0.1932143034637672,0.20706488918263277,0.19420152955257458,2904,2646,2646,0.0
shortest_queue,0.6,2,1002,5000.0,500.0,1.0,1.0,1.0,0.5973333333333334,1.0180280256495222,0.024348804553184417,0.6081020739879814,0.1903754854138247,0.20901941282662453,0.19416282316109665,2976,2688,2688,0.0
shortest_queue,0.6,3,1003,5000.0,500.0,1.0,1.0,1.0,0.5902222222222222,1.0273073292648973,0.019169940793386613,0.6062851319757715,0.19735632618337423,0.19432902939503002,0.20322839663710343,2948,2653,2653,0.0
shortest_queue,0.6,4,1004,5000.0,500.0,1.0,1.0,1.0,0.5906666666666667,1.0169210756747968,0.02539149468183164,0.6011696162558975,0.19621733654817733,0.18519185034555818,0.20476251983676017,2922,2658,2658,0.0
shortest_queue,0.6,5,1005,5000.0,500.0,1.0,1.0,1.0,0.6086666666666667,0.9820673592178049,0.016478020391790877,0.5976588595934489,0.19700279737586737,0.19515365418813943,0.19547644806661466,3069,2738,2738,0.0
shortest_queue,0.6,6,1006,5000.0,500.0,1.0,1.0,1.0,0.6042222222222222,1.0352797032927534,0.03048320852208516,0.6257042708549778,0.20253509799870043,0.2075639431493541,0.19719337175958396,3023,2718,2718,0.0
shortest_queue,0.6,7,1007,5000.0,500.0,1.0,1.0,1.0,0.6106666666666667,1.0001726873258319,0.017724363766978373,0.610772121060308,0.20190875835237804,0.20492371373531326,0.1931159708322485,3044,2748,2748,0.0
shortest_queue,0.6,8,1008,5000.0,500.0,1.0,1.0,1.0,0.5931111111111111,1.0320027994219032,0.02204841215818453,0.61059954566929,0.19382346383320095,0.2061439756743479,0.19798227710992014,3006,2673,2673,0.0
shortest_queue,0.6,9,1009,5000.0,500.0,1.0,1.0,1.0,0.5773333333333334,1.025208915970112,0.028236729541628352,0.5916623265026416,0.19747892199466036,0.1935663194884321,0.18432135465963614,2903,2597,2597,0.0
shortest_queue,0.6,10,1010,5000.0,500.0,1.0,1.0,1.0,0.586,1.0099025679568983,0.01856539710918156,0.5915866446346008,0.1922466726417241,0.19204801100800606,0.19640851263508813,2959,2638,2638,0.0
shortest_queue,1.2,1,1001,5000.0,500.0,1.0,1.0,1.0,1.156,1.1152673248407405,0.11483739918804135,1.289239186551819,0.39187689420554983,0.3725086878270757,0.39210157105781807,5768,5202,5202,0.0
shortest_queue,1.2,2,1002,5000.0,500.0,1.0,1.0,1.0,1.1662222222222223,1.1071157151375672,0.11618009865665929,1.2910708859930353,0.38557175556587475,0.38785182657559086,0.38215549101820434,5854,5248,5248,0.0
shortest_queue,1.2,3,1003,5000.0,500.0,1.0,1.0,1.0,1.195111111111111,1.1252955343912596,0.1296111884229914,1.3448606872424445,0.40526319441280195,0.3919345695335074,0.3927919543738221,5961,5377,5377,0.0
shortest_queue,1.2,4,1004,5000.0,500.0,1.0,1.0,1.0,1.1848888888888889,1.1390195768159228,0.14312122579349348,1.3492471341939416,0.39491531191116813,0.38526438109897104,0.3995164956937733,5886,5331,5331,0.0
shortest_queue,1.2,5,1005,5000.0,500.0,1.0,1.0,1.0,1.2024444444444444,1.1078004084339006,0.11989463015111688,1.3318478729260492,0.40014050997852557,0.3903577441192093,0.3971563436332369,6040,5412,5412,0.0
shortest_queue,1.2,6,1006,5000.0,500.0,1.0,1.0,1.0,1.208,1.1177311141205972,0.12338606189350987,1.3502679154966093,0.3979931045538239,0.3936434944725415,0.4095535345780198,6044,5437,5437,0.0
shortest_queue,1.2,7,1007,5000.0,500.0,1.0,1.0,1.0,1.221111111111111,1.104757855533111,0.11987633406833877,1.349008223793171,0.3969436492361958,0.4064914358672202,0.3991908151996405,6126,5495,5495,0.0
shortest_queue,1.2,8,1008,5000.0,500.0,1.0,1.0,1.0,1.2182222222222223,1.1663226767909096,0.14243989573461632,1.4204053590179304,0.4161905149485923,0.4196795189344227,0.41098022550982677,6066,5483,5483,0.0
shortest_queue,1.2,9,1009,5000.0,500.0,1.0,1.0,1.0,1.1742222222222223,1.1650123957267347,0.15351952997462762,1.3682195443980596,0.39044066517420684,0.40352975851795025,0.39394896161347864,5872,5285,5285,0.0
shortest_queue,1.2,10,1010,5000.0,500.0,1.0,1.0,1.0,1.19,1.1285157665986163,0.13529784023238292,1.342762799552909,0.3954146739115798,0.39071965457957203,0.3955939749985016,5985,5356,5356,0.0
shortest_queue,1.8,1,1001,5000.0,500.0,1.0,1.0,1.0,1.7462222222222221,1.3820324877473802,0.3846061884002226,2.4124742294621546,0.5855856328175514,0.5803371816438048,0.574943542012156,8725,7858,7858,0.0
shortest_queue,1.8,2,1002,5000.0,500.0,1.0,1.0,1.0,1.7666666666666666,1.3482759864684744,0.3601677518924822,2.3821515117076277,0.5847138157030128,0.5806111446696343,0.5805537896381948,8830,7952,7952,0.0
shortest_queue,1.8,3,1003,5000.0,500.0,1.0,1.0,1.0,1.8104444444444445,1.4128730697050222,0.4123144095814943,2.5584596175238863,0.6031068308233751,0.6072776706062105,0.6015268579765876,9046,8143,8143,0.0
shortest_queue,1.8,4,1004,5000.0,500.0,1.0,1.0,1.0,1.7726666666666666,1.3887008209701996,0.3931432316751424,2.4614687392777213,0.5865432931063312,0.5947681688566957,0.5830706449733656,8817,7979,7979,0.0
shortest_queue,1.8,5,1005,5000.0,500.0,1.0,1.0,1.0,1.7977777777777777,1.3717769669292044,0.3865850791944602,2.4670245439033454,0.5885936008975661,0.5949569283838914,0.5882559671591806,9032,8088,8088,0.0
shortest_queue,1.8,6,1006,5000.0,500.0,1.0,1.0,1.0,1.801111111111111,1.368304309700092,0.37582658345405956,2.4642355395754283,0.5864345813103472,0.5918392636574464,0.6091230754865736,9014,8105,8105,0.0
shortest_queue,1.8,7,1007,5000.0,500.0,1.0,1.0,1.0,1.8204444444444445,1.4073054541892798,0.4087160651274174,2.562042654384263,0.607447497887992,0.6060355292614632,0.6041850123386001,9129,8196,8196,0.0
shortest_queue,1.8,8,1008,5000.0,500.0,1.0,1.0,1.0,1.8266666666666667,1.4821323705602778,0.46392472442398797,2.7079648915425594,0.6206293101061428,0.613408599775694,0.6262365178336549,9131,8220,8220,0.0
shortest_queue,1.8,9,1009,5000.0,500.0,1.0,1.0,1.0,1.781111111111111,1.4490586807466614,0.4450709620483762,2.580190803385892,0.5953703739369584,0.5986874891046733,0.5936833743911424,8888,8010,8010,0.0
shortest_queue,1.8,10,1010,5000.0,500.0,1.0,1.0,1.0,1.7817777777777777,1.4358781148586022,0.4361410196519227,2.5581999846524996,0.59001533033627,0.6017230970894479,0.5890644197538772,8934,8021,8021,0.0
shortest_queue,2.4,1,1001,5000.0,500.0,1.0,1.0,1.0,2.356222222222222,2.177267567766127,1.1774826213475578,5.127600781012551,0.7843379385562305,0.7870636332831068,0.784028528215586,11766,10605,10605,0.0
shortest_queue,2.4,2,1002,5000.0,500.0,1.0,1.0,1.0,2.3744444444444444,1.9978486272015585,1.0081983585891927,4.741139140564916,0.7846693228936521,0.7815543680555953,0.7825791125224446,11852,10687,10687,0.0
shortest_queue,2.4,3,1003,5000.0,500.0,1.0,1.0,1.0,2.413777777777778,2.3563471898023356,1.3567492610282352,5.688654291562713,0.802658997438259,0.8067975735639308,0.804005004438344,12073,10863,10863,0.0
shortest_queue,2.4,4,1004,5000.0,500.0,1.0,1.0,1.0,2.3795555555555556,2.148171390560004,1.1532770423776513,5.111029874917027,0.7949551197850852,0.786418477421675,0.7856448234296263,11836,10708,10708,0.0
shortest_queue,2.4,5,1005,5000.0,500.0,1.0,1.0,1.0,2.3884444444444446,2.226460869201025,1.2350559978517526,5.324054412287076,0.7948553434664052,0.7809647587828804,0.7941017999128142,11985,10739,10739,0.0
shortest_queue,2.4,6,1006,5000.0,500.0,1.0,1.0,1.0,2.4133333333333336,2.3032750449745953,1.3030616696133308,5.558971007435791,0.8092305752121216,0.8012939291077826,0.8037243404490491,12060,10860,10860,0.0
shortest_queue,2.4,7,1007,5000.0,500.0,1.0,1.0,1.0,2.426888888888889,2.2230058216356463,1.2255257117484066,5.39417513692772,0.8079390526550784,0.8050396667177165,0.8078279023186143,12145,10930,10930,0.0
shortest_queue,2.4,8,1008,5000.0,500.0,1.0,1.0,1.0,2.4282222222222223,2.6704712657072727,1.6482239992046954,6.48679904119534,0.8327925756766379,0.8254555529264658,0.8248904941113562,12137,10918,10918,0.0
shortest_queue,2.4,9,1009,5000.0,500.0,1.0,1.0,1.0,2.3695555555555554,2.302395422055798,1.3079213772485154,5.456653592776012,0.7852528334914699,0.7885090655107114,0.783892841289653,11801,10667,10667,0.0
shortest_queue,2.4,10,1010,5000.0,500.0,1.0,1.0,1.0,2.3935555555555554,2.3073953725260137,1.3103779646822038,5.5244075057462405,0.7919177954024138,0.7965128751876757,0.798594299379209,11970,10776,10776,0.0
shortest_queue,2.7,1,1001,5000.0,500.0,1.0,1.0,1.0,2.6595555555555555,3.5290336149340082,2.528569454308296,9.386901463209792,0.8870189995568273,0.887410403990069,0.8866316466823266,13271,11970,11970,0.0
shortest_queue,2.7,2,1002,5000.0,500.0,1.0,1.0,1.0,2.679111111111111,3.128820075005739,2.1392466575302764,8.375654346225001,0.8848866599286429,0.8806783568128091,0.8852536142430749,13387,12065,12065,0.0
shortest_queue,2.7,3,1003,5000.0,500.0,1.0,1.0,1.0,2.708666666666667,5.024393132817455,4.0244830519619565,13.610039252289264,0.9034839947330141,0.9017477596184371,0.9029943462986945,13535,12190,12190,0.0
shortest_queue,2.7,4,1004,5000.0,500.0,1.0,1.0,1.0,2.6655555555555557,3.498612425838803,2.500254308162786,9.317745967167834,0.8837327203292903,0.8883685971300209,0.8896060634548191,13280,12010,12010,0.0
shortest_queue,2.7,5,1005,5000.0,500.0,1.0,1.0,1.0,2.687777777777778,3.4096351716667086,2.4155813233976993,9.161612965800762,0.8923358875496188,0.8872920590328016,0.8908562359309254,13487,12103,12103,0.0
shortest_queue,2.7,6,1006,5000.0,500.0,1.0,1.0,1.0,2.718,4.133225672731862,3.1317518664343433,11.235617057260049,0.9081001183088884,0.9046489224218043,0.9104542871642014,13579,12234,12234,0.0
shortest_queue,2.7,7,1007,5000.0,500.0,1.0,1.0,1.0,2.728,3.80770756844199,2.812291857829834,10.389480982840924,0.9034394125518044,0.9089110879734087,0.9033288280158113,13640,12282,12282,0.0
shortest_queue,2.7,8,1008,5000.0,500.0,1.0,1.0,1.0,2.727777777777778,5.975025886254963,4.958456169208033,16.293759666096044,0.921277186575332,0.9235919921674225,0.9276694988579751,13636,12271,12271,0.0
shortest_queue,2.7,9,1009,5000.0,500.0,1.0,1.0,1.0,2.654,3.7250933502185033,2.7314799531041083,9.88072736920918,0.8841914933591521,0.8724322584467155,0.8793728608531209,13244,11952,11952,0.0
shortest_queue,2.7,10,1010,5000.0,500.0,1.0,1.0,1.0,2.7024444444444446,4.043089005469853,3.0433966309097857,10.930734808783406,0.9037324011505284,0.898045781578848,0.9003113850037934,13483,12146,12146,0.0
